aX,aY,aZ,gX,gY,gZ
-0.912,-0.169,1.631,-60.364,-38.574,15.747
-1.004,-0.156,1.6,-61.34,-43.762,20.325
-1.094,-0.2,1.542,-63.721,-55.298,23.926
-1.19,-0.255,1.489,-67.688,-69.275,29.297
-1.29,-0.312,1.445,-70.068,-87.463,30.823
-1.372,-0.401,1.433,-70.374,-111.267,34.912
-1.404,-0.467,1.465,-69.092,-136.23,42.603
-1.392,-0.495,1.52,-63.11,-159.302,46.265
-1.37,-0.532,1.568,-56.458,-177.734,45.227
-1.366,-0.582,1.579,-50.781,-191.833,44.434
-1.36,-0.617,1.537,-43.579,-204.59,44.739
-1.333,-0.638,1.46,-35.645,-216.858,46.387
-1.291,-0.644,1.36,-27.649,-226.99,50.781
-1.241,-0.623,1.222,-22.095,-234.741,56.274
-1.166,-0.568,1.043,-19.897,-241.028,62.805
-1.066,-0.511,0.856,-19.897,-248.291,70.19
-0.931,-0.468,0.707,-24.719,-253.052,80.688
-0.765,-0.361,0.634,-36.072,-249.573,91.187
-0.586,-0.222,0.592,-42.175,-232.361,93.079
-0.4,-0.168,0.505,-46.753,-208.557,89.966
-0.241,-0.146,0.385,-48.767,-180.542,86.914
-0.119,-0.121,0.25,-76.904,-153.381,77.515
-0.034,-0.141,0.155,-94.788,-137.878,64.087
0,-0.217,0.128,-92.712,-125.427,53.04
0.016,-0.398,0.089,-70.679,-119.629,51.819
0.136,-0.664,0.078,-38.818,-127.014,71.228
0.325,-0.914,0.157,-9.521,-122.192,109.741
0.519,-1.106,0.083,14.648,-78.918,158.813
0.771,-1.148,-0.345,23.743,-25.696,209.717
1.032,-0.935,-0.968,11.597,5.554,232.239
1.134,-0.627,-1.508,6.958,8.85,203.186
1,-0.556,-1.845,14.16,0.488,129.578
0.703,-0.807,-2.078,10.437,-8.545,39.795
0.347,-1.184,-2.315,8.606,-38.269,-50.049
0.014,-1.536,-2.443,12.024,-108.032,-140.259
-0.174,-1.854,-2.246,10.376,-202.637,-219.36
-0.167,-2.169,-1.675,2.686,-285.4,-265.686
-0.126,-2.454,-0.824,-4.639,-328.125,-267.578
-0.206,-2.71,0.078,13.428,-305.908,-225.403
-0.333,-3.013,0.645,50.598,-210.205,-136.841
-0.235,-3.193,0.634,83.191,-79.529,-0.549
0.248,-3.115,0.225,106.14,26.733,131.104
0.979,-2.922,-0.117,108.154,94.727,229.004
1.718,-2.544,-0.255,81.421,154.114,294.861
2.249,-1.913,-0.438,49.316,194.336,304.26
2.431,-1.295,-0.737,30.762,180.237,246.094
2.302,-0.904,-0.896,56.152,129.395,145.142
2.017,-0.874,-0.933,51.208,79.346,32.349
1.658,-1.122,-0.968,36.621,10.62,-44.739
1.313,-1.335,-0.735,19.287,-58.35,-80.872
1.023,-1.474,-0.344,2.014,-76.782,-91.431
0.774,-1.577,-0.044,-15.137,-56.03,-79.712
0.593,-1.601,0.17,-7.324,-11.353,-55.054
0.463,-1.539,0.226,-9.888,45.898,-24.231
0.377,-1.41,0.159,-26.123,89.478,-3.052
0.303,-1.269,0.093,-29.236,113.037,1.16
0.216,-1.168,0.048,-19.531,120.3,-4.883
0.128,-1.091,0.026,-1.099,112.427,-13.855
0.062,-1.003,0.066,18.799,97.961,-27.161
0.012,-0.923,0.157,37.354,88.562,-43.396
-0.05,-0.888,0.218,50.842,87.402,-58.777
-0.121,-0.885,0.245,58.167,85.754,-66.223
-0.194,-0.845,0.316,64.941,90.149,-67.383
-0.281,-0.775,0.385,73.486,106.506,-66.467
-0.365,-0.708,0.383,82.886,124.512,-60.608
-0.414,-0.621,0.366,87.585,137.573,-50.232
-0.43,-0.525,0.38,85.999,150.085,-39.001
-0.423,-0.457,0.397,86.243,162.415,-31.128
-0.394,-0.405,0.402,81.299,169.006,-28.076
-0.373,-0.342,0.423,80.017,166.26,-33.264
-0.375,-0.288,0.472,85.51,158.691,-47.668
-0.387,-0.261,0.533,92.041,147.644,-65.796
-0.412,-0.259,0.614,96.436,133.85,-84.351
-0.441,-0.284,0.702,100.159,119.629,-99.487
-0.464,-0.332,0.786,100.098,107.788,-109.131
-0.471,-0.385,0.906,86.609,103.943,-109.07
-0.474,-0.41,1.044,78.186,113.22,-102.173
-0.499,-0.396,1.12,73.853,133.667,-91.064
-0.524,-0.351,1.094,71.045,154.724,-78.491
-0.507,-0.279,1.012,61.157,168.945,-66.101
-0.485,-0.176,0.908,48.462,169.434,-61.768
-0.518,-0.087,0.904,39.001,155.029,-60.73
-0.545,0,0.987,41.443,152.954,-62.927
-0.566,0.06,0.941,46.631,144.226,-71.411
-0.615,0.081,0.94,36.56,112,-76.477
-0.657,0.134,1.118,29.724,93.628,-79.956
-0.697,0.226,1.201,23.926,93.75,-86.182
-0.755,0.267,1.153,21.79,83.374,-95.276
-0.805,0.221,1.109,20.325,68.298,-96.985
-0.821,0.17,1.078,10.62,48.035,-92.407
-0.799,0.132,1.151,-4.944,26.978,-86.487
-0.757,0.057,1.287,-12.756,22.888,-79.529
-0.713,-0.043,1.355,-21.973,27.588,-67.932
-0.657,-0.091,1.384,-30.762,35.828,-53.955
-0.606,-0.113,1.35,-33.875,45.349,-44.067
-0.562,-0.161,1.236,-37.598,44.556,-32.104
-0.504,-0.187,1.149,-38.696,31.738,-21.24
-0.434,-0.205,1.132,-36.072,16.846,-16.418
-0.356,-0.242,1.143,-28.015,8.057,-14.709
-0.283,-0.282,1.139,-18.799,6.042,-15.259
-0.241,-0.336,1.101,-12.878,7.08,-17.822
-0.22,-0.407,1.052,-4.456,5.005,-19.409
-0.202,-0.458,1.029,9.827,0.244,-17.761
-0.189,-0.471,1.034,21.79,-1.526,-16.541
-0.179,-0.483,1.036,28.32,-0.61,-18.127
-0.172,-0.504,1.018,31.494,0.427,-18.799
-0.168,-0.505,0.982,31.738,0.305,-19.043
-0.162,-0.504,0.939,29.297,-1.16,-21.057
-0.157,-0.503,0.9,25.574,-2.136,-22.339
-0.153,-0.493,0.871,23.56,-3.479,-24.048
-0.155,-0.496,0.86,23.01,-4.639,-25.574
-0.172,-0.514,0.849,15.869,-4.883,-24.109
-0.18,-0.52,0.868,10.254,-7.385,-20.386
-0.179,-0.519,0.915,11.902,-3.54,-16.418
-0.179,-0.521,0.922,16.907,1.343,-11.23
-0.169,-0.514,0.913,19.47,1.831,-6.165
-0.149,-0.491,0.911,18.86,1.404,-2.075
-0.13,-0.467,0.905,16.785,-0.793,-1.404
-0.115,-0.466,0.909,14.221,-4.7,-2.075
-0.102,-0.47,0.928,10.498,-6.775,-2.136
-0.876,-0.173,1.669,-54.26,-141.357,95.947
-0.909,-0.132,1.614,-57.8,-142.151,108.215
-0.912,-0.038,1.491,-60.791,-143.433,116.272
-0.891,0.064,1.328,-61.462,-153.992,116.455
-0.85,0.134,1.188,-61.279,-172.791,109.009
-0.792,0.178,1.086,-61.707,-193.97,96.375
-0.745,0.196,0.996,-63.721,-212.28,79.529
-0.738,0.149,0.943,-65.552,-229.614,61.707
-0.732,0.062,0.937,-73.608,-231.323,58.289
-0.715,-0.014,0.909,-90.027,-223.694,63.232
-0.7,-0.111,0.875,-103.21,-209.9,74.829
-0.693,-0.215,0.834,-115.845,-182.312,96.191
-0.67,-0.301,0.747,-118.469,-150.33,124.817
-0.582,-0.354,0.638,-118.713,-118.652,157.715
-0.448,-0.327,0.478,-120.117,-86.731,182.861
-0.316,-0.167,0.193,-128.052,-59.57,190.857
-0.21,0.083,-0.191,-133.24,-55.42,170.227
-0.127,0.204,-0.516,-129.7,-76.965,122.864
-0.07,0.097,-0.674,-121.46,-104.98,70.007
-0.045,-0.17,-0.701,-112.061,-123.23,27.222
-0.031,-0.517,-0.629,-100.708,-128.357,5.737
-0.026,-0.866,-0.463,-89.05,-112.549,6.409
-0.036,-1.123,-0.307,-69.58,-73.608,21.24
-0.062,-1.251,-0.36,-44.861,-21.973,31.006
-0.139,-1.291,-0.727,-32.349,22.888,22.339
-0.262,-1.343,-1.264,-32.471,33.813,-13.306
-0.386,-1.524,-1.659,-40.71,5.615,-67.932
-0.462,-1.834,-1.704,-43.457,-42.542,-118.469
-0.53,-2.26,-1.501,-29.602,-81.787,-152.71
-0.59,-2.727,-1.189,-4.211,-109.436,-151.794
-0.542,-3.062,-0.774,18.005,-109.192,-109.497
-0.354,-3.194,-0.421,33.997,-61.951,-44.067
-0.004,-3.158,-0.376,51.941,6.226,25.696
0.461,-2.96,-0.574,63.782,52.551,86.67
0.926,-2.633,-0.796,69.031,72.083,119.141
1.323,-2.3,-0.992,68.604,70.74,118.896
1.655,-1.995,-1.058,68.604,48.706,90.027
1.842,-1.849,-0.955,94.849,18.433,38.33
1.808,-1.808,-0.73,72.388,-5.493,6.348
1.658,-1.72,-0.372,42.419,-10.742,-30.396
1.372,-1.786,-0.135,64.514,3.052,-65.796
1.015,-1.904,-0.127,45.654,23.132,-65.186
0.702,-1.849,-0.166,22.644,39.551,-60.791
0.441,-1.746,-0.209,7.446,59.937,-61.462
0.263,-1.656,-0.276,6.836,71.106,-57.617
0.126,-1.523,-0.283,2.686,71.411,-56.702
0.002,-1.4,-0.207,4.089,71.472,-65.186
-0.115,-1.336,-0.14,10.864,70.862,-75.806
-0.207,-1.297,-0.07,16.052,67.444,-80.688
-0.285,-1.242,0.035,24.658,68.298,-80.811
-0.362,-1.174,0.128,38.879,78.003,-79.468
-0.419,-1.123,0.173,56.213,89.233,-75.317
-0.454,-1.063,0.199,69.336,99.976,-66.345
-0.484,-0.975,0.195,82.031,112.793,-56.396
-0.5,-0.895,0.13,91.431,123.413,-47.302
-0.486,-0.813,0.053,93.384,128.845,-36.072
-0.448,-0.683,0.022,92.102,129.944,-24.414
-0.408,-0.535,0.037,93.933,130.554,-20.081
-0.381,-0.43,0.08,91.553,132.385,-24.414
-0.365,-0.378,0.143,91.858,131.897,-32.41
-0.353,-0.361,0.228,94.238,131.592,-39.429
-0.34,-0.339,0.314,96.802,134.399,-43.396
-0.333,-0.283,0.391,103.76,137.207,-48.706
-0.339,-0.245,0.439,113.342,140.869,-55.542
-0.352,-0.254,0.429,120.361,141.663,-61.279
-0.366,-0.287,0.406,123.413,137.634,-66.162
-0.373,-0.323,0.401,125.427,134.094,-70.19
-0.379,-0.365,0.408,118.042,132.446,-73.181
-0.399,-0.388,0.441,101.99,131.775,-70.068
-0.431,-0.336,0.515,84.106,130.798,-61.768
-0.447,-0.245,0.609,72.083,131.836,-55.908
-0.437,-0.183,0.67,61.401,137.756,-53.406
-0.421,-0.126,0.647,58.044,141.602,-53.589
-0.425,-0.094,0.569,54.993,135.01,-59.509
-0.434,-0.125,0.516,53.284,119.507,-64.392
-0.427,-0.172,0.508,49.561,102.661,-68.298
-0.424,-0.196,0.549,40.039,85.693,-75.867
-0.439,-0.222,0.664,32.166,70.129,-84.106
-0.466,-0.214,0.836,21.179,60.364,-85.144
-0.468,-0.113,1.003,7.141,62.073,-83.008
-0.461,-0.008,1.076,4.456,78.369,-85.022
-0.493,0.01,0.978,9.46,97.717,-87.28
-0.537,-0.054,0.746,9.644,103.638,-87.708
-0.6,-0.152,0.57,-9.766,83.313,-87.28
-0.677,-0.228,0.73,-16.296,52.673,-81.543
-0.73,-0.277,1.081,-14.099,55.298,-71.838
-0.78,-0.307,1.31,-12.756,64.636,-56.458
-0.819,-0.245,1.507,-8.911,74.036,-36.072
-0.826,-0.11,1.574,4.333,100.464,-22.217
-0.813,-0.064,1.339,13.733,113.464,-15.381
-0.786,-0.07,1.056,13.062,94.849,-7.69
-0.735,-0.051,0.962,12.024,64.636,-8.545
-0.672,-0.083,1.012,9.277,35.583,-18.982
-0.625,-0.175,1.165,-2.258,14.526,-29.663
-0.609,-0.299,1.344,-7.812,9.583,-35.95
-0.616,-0.413,1.444,-7.629,13.733,-32.776
-0.631,-0.471,1.46,-4.578,21.729,-26.489
-0.645,-0.519,1.399,3.052,26.917,-17.822
-0.633,-0.552,1.312,8.85,25.452,-5.005
-0.592,-0.536,1.267,13.794,23.376,6.897
-0.532,-0.498,1.23,14.832,25.635,14.526
-0.471,-0.462,1.16,13.489,28.442,17.151
-0.421,-0.437,1.067,9.277,27.222,18.127
-0.376,-0.385,0.972,11.108,21.423,15.686
-0.331,-0.342,0.906,16.357,10.864,6.531
-0.29,-0.337,0.869,16.663,2.625,-3.174
-0.257,-0.331,0.838,15.32,-5.188,-13.855
-0.243,-0.349,0.825,16.052,-14.282,-26.306
-0.256,-0.415,0.841,17.273,-23.254,-35.828
-0.274,-0.49,0.89,19.104,-31.738,-38.879
-0.279,-0.532,0.969,23.499,-35.767,-37.537
-0.274,-0.559,1.022,29.297,-32.349,-34.668
-0.258,-0.578,1.01,30.823,-25.452,-29.48
-0.235,-0.575,0.962,29.236,-19.348,-23.56
-0.214,-0.562,0.908,24.658,-15.137,-17.944
-0.188,-0.538,0.873,19.531,-13.306,-13.733
-0.159,-0.514,0.861,14.587,-10.376,-12.207
-0.142,-0.504,0.834,7.08,-7.507,-13.733
-0.149,-0.508,0.807,3.662,-10.681,-16.541
-0.161,-0.526,0.814,7.019,-17.517,-17.456
-0.786,-1.324,-2.077,1.526,90.942,-36.133
-0.95,-1.577,-2.364,5.188,-10.132,-83.252
-0.921,-1.69,-2.08,6.531,-97.9,-121.521
-0.858,-1.832,-1.615,6.47,-121.216,-147.949
-0.847,-2.122,-1.475,5.737,-103.027,-152.466
-0.751,-2.441,-1.592,3.113,-92.224,-128.113
-0.502,-2.66,-1.562,2.319,-94.238,-82.458
-0.12,-2.778,-1.302,4.883,-79.041,-30.884
0.308,-2.784,-1.019,0.366,-39.917,22.217
0.702,-2.67,-0.836,-1.16,4.15,66.65
1.053,-2.544,-0.746,3.052,42.48,96.436
1.35,-2.423,-0.709,-1.587,69.153,118.652
1.542,-2.157,-0.612,5.249,83.435,127.686
1.569,-1.816,-0.545,34.241,97.9,98.022
1.435,-1.606,-0.645,31.799,100.525,53.528
1.19,-1.473,-0.808,19.958,78.064,8.606
0.897,-1.412,-0.895,11.047,38.574,-43.64
0.615,-1.441,-0.834,6.104,5.737,-82.458
0.364,-1.504,-0.672,-0.854,-10.498,-105.347
0.159,-1.579,-0.455,-17.151,-9.644,-107.056
0.024,-1.589,-0.197,-30.518,8.179,-95.459
-0.057,-1.541,0.027,-32.349,39.185,-80.627
-0.119,-1.474,0.154,-23.437,69.58,-65.308
-0.172,-1.389,0.227,-10.193,92.285,-52.612
-0.215,-1.297,0.285,6.47,110.046,-45.288
-0.238,-1.209,0.308,22.888,122.803,-41.748
-0.249,-1.133,0.296,39.551,126.648,-41.016
-0.251,-1.05,0.286,54.077,122.437,-41.748
-0.233,-0.947,0.326,61.34,118.286,-44.739
-0.209,-0.845,0.394,64.026,122.498,-49.072
-0.198,-0.748,0.436,62.805,134.827,-52.368
-0.204,-0.655,0.436,62.317,148.254,-55.847
-0.216,-0.578,0.43,63.843,158.997,-60.547
-0.238,-0.518,0.445,66.406,168.701,-66.833
-0.288,-0.499,0.443,71.96,177.795,-73.059
-0.356,-0.526,0.395,79.59,180.054,-75.317
-0.415,-0.547,0.358,83.008,171.387,-72.876
-0.436,-0.53,0.407,91.125,154.968,-71.533
-0.432,-0.5,0.564,91.064,146.179,-73.059
-0.432,-0.467,0.71,95.337,154.48,-76.965
-0.439,-0.437,0.728,86.609,173.035,-81.482
-0.45,-0.417,0.626,105.225,180.786,-86.914
-0.476,-0.414,0.506,100.464,182.434,-85.266
-0.465,-0.348,0.434,88.867,186.829,-80.078
-0.419,-0.254,0.369,81.787,188.599,-93.262
-0.398,-0.253,0.37,72.693,179.565,-109.802
-0.408,-0.301,0.474,66.895,170.105,-121.826
-0.456,-0.373,0.608,64.697,161.804,-136.414
-0.533,-0.481,0.762,65.674,148.437,-145.386
-0.615,-0.577,0.936,71.472,140.015,-139.465
-0.71,-0.612,1.027,68.665,142.151,-125.977
-0.782,-0.571,0.982,69.946,140.991,-107.056
-0.771,-0.465,0.883,76.782,132.202,-92.712
-0.721,-0.406,0.808,80.322,128.296,-86.792
-0.664,-0.428,0.705,73.12,131.042,-80.75
-0.607,-0.447,0.593,62.988,127.441,-76.294
-0.558,-0.465,0.604,49.866,115.845,-72.632
-0.516,-0.467,0.78,31.372,111.45,-67.322
-0.491,-0.424,1.008,21.24,123.901,-63.416
-0.538,-0.41,1.116,22.888,147.461,-63.416
-0.661,-0.432,1.029,33.203,153.381,-59.509
-0.735,-0.388,0.912,39.673,130.066,-45.471
-0.728,-0.26,0.891,49.438,102.966,-32.837
-0.703,-0.133,0.891,59.814,84.9,-34.729
-0.672,-0.113,0.861,64.514,73.608,-43.03
-0.63,-0.175,0.848,58.289,64.453,-43.823
-0.578,-0.209,0.917,46.387,60.364,-39.246
-0.549,-0.228,1.017,40.405,63.782,-36.316
-0.546,-0.27,1.062,38.757,65.369,-31.555
-0.543,-0.279,1.086,34.18,58.35,-24.109
-0.555,-0.252,1.124,34.607,47.302,-20.752
-0.586,-0.248,1.16,37.231,34.302,-21.606
-0.609,-0.279,1.191,44.128,21.606,-19.897
-0.605,-0.305,1.216,46.509,14.832,-15.259
-0.584,-0.305,1.206,47.485,16.113,-8.362
-0.561,-0.31,1.147,47.119,18.616,-2.991
-0.527,-0.342,1.053,41.626,20.386,2.075
-0.471,-0.365,0.968,29.724,17.212,8.972
-0.412,-0.368,0.95,17.822,10.01,14.587
-0.369,-0.368,0.994,12.817,3.845,17.944
-0.333,-0.376,1.047,10.742,-0.122,19.226
-0.298,-0.388,1.072,11.78,-1.465,18.677
-0.28,-0.401,1.051,11.902,-3.357,16.602
-0.272,-0.411,1.01,9.949,-7.874,12.695
-0.262,-0.425,0.979,3.906,-12.878,6.653
-0.259,-0.448,0.958,0.244,-16.602,1.526
-0.254,-0.474,0.941,-1.038,-21.423,-0.671
-0.249,-0.501,0.939,-3.662,-24.353,-0.854
-0.242,-0.517,0.948,-4.761,-24.17,0.122
-0.23,-0.518,0.968,-4.028,-22.827,0.305
-0.238,-0.532,0.988,-3.296,-18.127,-0.427
-0.256,-0.57,0.985,-4.761,-13,1.465
-0.258,-0.585,0.968,-5.188,-9.766,6.042
-0.256,-0.573,0.955,-5.249,-8.179,8.667
-0.251,-0.56,0.951,-6.226,-6.287,11.047
-0.237,-0.542,0.93,-9.399,-2.869,11.292
-0.229,-0.521,0.89,-10.498,-1.282,9.949
-0.231,-0.502,0.84,-8.667,-2.563,8.24
-0.233,-0.497,0.799,-10.01,-8.057,5.981
-0.226,-0.492,0.804,-9.338,-13.916,3.967
-0.23,-0.488,0.838,-7.568,-15.564,0.732
-0.243,-0.516,0.857,-7.202,-13.184,-0.366
-0.251,-0.534,0.848,-8.118,-10.315,2.686
-0.257,-0.527,0.835,-8.728,-8.301,5.188
-0.263,-0.526,0.817,-12.207,-5.981,6.165
-0.265,-0.536,0.804,-13.916,-7.874,7.874
-0.263,-0.545,0.82,-14.465,-10.132,11.353
-0.248,-0.538,0.839,-13.977,-10.254,13.428
-0.226,-0.523,0.852,-13.794,-9.155,13.916
-0.213,-0.499,0.849,-13.245,-6.226,13.611
-0.214,-0.478,0.817,-10.803,-5.92,11.292
-0.212,-0.473,0.784,-8.362,-9.094,8.301
-0.205,-0.477,0.78,-8.972,-12.878,5.188
-0.206,-0.477,0.809,-7.507,-15.442,2.563
-0.205,-0.501,0.845,-3.357,-15.381,-0.549
-0.21,-0.532,0.871,-0.244,-13.855,0.488
-0.22,-0.54,0.882,3.113,-11.353,0.793
-0.226,-0.557,0.876,5.554,-9.338,2.686
-0.221,-0.556,0.863,4.883,-7.324,6.409
-0.215,-0.536,0.843,2.258,-4.456,8.362
-0.906,-0.087,1.623,-52.063,-195.862,44.373
-0.968,-0.125,1.624,-49.194,-202.637,41.992
-1.033,-0.21,1.552,-42.725,-208.984,45.654
-1.066,-0.257,1.449,-37.598,-218.262,57.8
-1.056,-0.212,1.34,-42.053,-222.168,69.58
-1.027,-0.118,1.178,-58.289,-220.032,82.153
-0.975,0.038,0.987,-78.064,-231.323,95.764
-0.883,0.193,0.875,-92.529,-254.456,93.262
-0.791,0.225,0.855,-102.173,-278.503,83.252
-0.702,0.167,0.904,-108.826,-298.157,78.857
-0.612,0.068,1.001,-114.136,-305.542,80.566
-0.538,-0.036,1.107,-119.446,-297.119,90.332
-0.501,-0.125,1.173,-119.507,-271.912,100.342
-0.513,-0.238,1.154,-113.525,-239.136,113.098
-0.541,-0.349,1.02,-103.516,-206.909,133.545
-0.536,-0.415,0.822,-87.891,-182.007,157.104
-0.474,-0.427,0.637,-69.397,-157.959,177.734
-0.387,-0.398,0.394,-56.885,-128.845,188.049
-0.291,-0.34,0.062,-52.551,-110.901,186.951
-0.172,-0.264,-0.225,-53.162,-109.619,173.462
-0.06,-0.251,-0.402,-46.631,-107.971,145.081
0.057,-0.38,-0.507,-26.428,-94.849,109.558
0.208,-0.566,-0.522,-14.587,-65.552,82.275
0.316,-0.73,-0.473,-10.437,-18.25,57.068
0.266,-0.987,-0.626,14.099,36.621,20.996
0.034,-1.383,-1.131,35.217,71.716,-15.869
-0.355,-1.846,-1.71,37.537,66.528,-47.241
-0.74,-2.192,-2.02,26.489,30.151,-70.496
-0.88,-2.234,-1.935,3.296,-11.963,-92.834
-0.811,-2.222,-1.617,-4.883,-39.673,-114.014
-0.654,-2.419,-1.293,2.747,-56.091,-109.253
-0.375,-2.633,-0.998,14.832,-62.134,-63.904
0.12,-2.694,-0.756,30.945,-52.917,2.075
0.842,-2.633,-0.616,51.636,-30.273,69.824
1.574,-2.347,-0.549,54.504,4.517,122.864
2.089,-1.904,-0.641,53.04,40.405,127.258
2.329,-1.605,-0.871,46.936,54.688,85.144
2.333,-1.48,-0.94,28.931,39.978,30.945
2.139,-1.472,-0.778,0.427,25.635,-16.235
1.838,-1.526,-0.547,-10.254,19.714,-46.143
1.515,-1.547,-0.302,-11.963,20.325,-55.481
1.192,-1.525,-0.162,2.075,34.912,-53.894
0.877,-1.492,-0.217,-8.24,51.086,-45.41
0.61,-1.446,-0.305,-16.541,52.795,-35.156
0.411,-1.378,-0.301,-23.193,55.115,-28.503
0.247,-1.323,-0.237,-27.161,57.19,-24.597
0.107,-1.295,-0.117,-22.522,57.556,-22.095
0.018,-1.279,0.019,-16.174,65.247,-20.203
-0.036,-1.249,0.059,-19.592,69.153,-18.555
-0.062,-1.171,0.113,-31.799,60.669,-19.897
-0.106,-1.11,0.223,-6.409,55.42,-33.264
-0.193,-1.138,0.263,21.423,56.824,-39.673
-0.244,-1.148,0.265,32.959,59.143,-31.189
-0.261,-1.053,0.3,33.203,63.843,-17.273
-0.268,-0.922,0.324,37.415,75.256,-7.751
-0.281,-0.832,0.277,39.49,85.815,-0.671
-0.286,-0.773,0.215,39.856,87.524,5.249
-0.277,-0.723,0.198,40.039,84.534,8.484
-0.255,-0.673,0.224,39.246,83.74,8.606
-0.213,-0.61,0.271,36.438,86.243,4.761
-0.177,-0.522,0.33,34.729,87.891,-2.869
-0.175,-0.444,0.391,37.476,88.623,-15.625
-0.191,-0.42,0.42,43.091,88.44,-28.564
-0.214,-0.434,0.42,47.302,83.862,-36.987
-0.238,-0.463,0.442,48.645,77.881,-41.809
-0.26,-0.52,0.481,51.025,74.097,-44.067
-0.286,-0.59,0.524,50.842,69.275,-42.725
-0.286,-0.618,0.599,45.959,64.819,-35.583
-0.268,-0.602,0.698,42.114,65.063,-28.931
-0.237,-0.574,0.789,42.542,68.115,-25.208
-0.181,-0.531,0.862,41.565,75.195,-24.048
-0.128,-0.494,0.9,42.542,87.036,-26.123
-0.088,-0.462,0.872,45.654,100.403,-27.466
-0.055,-0.426,0.789,47.607,108.643,-30.09
-0.05,-0.422,0.686,45.654,109.375,-36.682
-0.077,-0.455,0.605,39.063,100.098,-45.105
-0.124,-0.513,0.593,32.166,81.604,-52.307
-0.147,-0.564,0.676,27.222,59.265,-55.054
-0.134,-0.575,0.851,23.193,44.25,-54.382
-0.12,-0.549,1.048,25.696,48.462,-51.147
-0.098,-0.522,1.142,28.687,69.092,-47.424
-0.071,-0.496,1.095,24.17,96.68,-40.894
-0.059,-0.456,0.932,17.151,120.667,-33.813
-0.053,-0.423,0.736,3.052,125.427,-26.123
-0.061,-0.381,0.643,-13.062,116.15,-21.79
-0.083,-0.34,0.645,-23.682,109.68,-24.048
-0.102,-0.367,0.654,-28.809,101.135,-27.1
-0.104,-0.431,0.706,-31.616,89.417,-24.963
-0.087,-0.429,0.813,-39.795,86.06,-20.569
-0.085,-0.35,0.863,-45.654,94.238,-22.4
-0.117,-0.316,0.79,-40.1,98.816,-34.485
-0.152,-0.376,0.662,-35.156,89.844,-47.119
-0.167,-0.469,0.597,-36.316,72.571,-55.725
-0.168,-0.566,0.639,-41.26,57.983,-59.387
-0.164,-0.652,0.748,-43.091,52.429,-59.937
-0.162,-0.763,0.875,-39.307,52.917,-58.716
-0.166,-0.863,0.994,-36.377,58.472,-48.706
-0.175,-0.876,1.066,-31.372,69.336,-39.612
-0.202,-0.862,1.033,-23.01,77.637,-37.781
-0.223,-0.846,0.991,-41.809,74.89,-34.546
-0.229,-0.789,1.016,-13.611,70.557,-43.274
-0.289,-0.825,0.904,23.865,67.932,-52.063
-0.319,-0.865,0.837,30.64,48.096,-44.373
-0.303,-0.862,0.925,32.349,49.011,-46.692
-0.313,-0.891,1.011,30.762,51.819,-39.001
-0.328,-0.847,1.091,22.949,61.401,-30.579
-0.34,-0.794,1.091,16.479,67.444,-26.245
-0.347,-0.746,1.059,10.01,65.43,-21.24
-0.35,-0.68,1.043,8.423,59.631,-18.25
-0.347,-0.635,1.031,11.169,53.162,-16.968
-0.343,-0.602,1.017,14.771,46.265,-17.578
-0.35,-0.595,1.014,17.822,37.659,-19.47
-0.361,-0.606,1.028,17.151,30.273,-16.479
-0.36,-0.583,1.041,12.817,26.733,-12.39
-0.362,-0.562,1.02,8.057,24.719,-11.292
-0.366,-0.584,0.987,2.93,18.188,-7.568
-0.352,-0.597,0.995,-1.648,10.498,-2.136
-0.333,-0.597,1.022,-2.258,7.629,-1.526
-0.323,-0.626,1.02,1.404,4.395,-2.197
-0.315,-0.654,1.005,5.676,0.427,-0.916
-0.678,-0.496,1.469,-26.855,-71.533,65.674
-0.684,-0.434,1.538,-27.893,-85.327,78.43
-0.637,-0.297,1.689,-32.471,-94.604,82.581
-0.623,-0.111,1.884,-38.33,-92.773,67.2
-0.724,-0.034,1.966,-37.231,-83.618,38.147
-0.845,-0.102,1.862,-34.485,-85.938,20.996
-0.934,-0.161,1.714,-40.466,-108.215,20.813
-1,-0.145,1.65,-50.232,-138.245,24.841
-1.039,-0.107,1.647,-58.472,-165.466,27.71
-1.061,-0.079,1.642,-61.707,-189.27,31.311
-1.085,-0.064,1.636,-60.608,-210.693,35.828
-1.093,-0.065,1.639,-57.983,-224.976,44.373
-1.067,-0.076,1.629,-49.622,-232.483,56.824
-1.016,-0.105,1.578,-38.147,-231.75,73.486
-0.929,-0.132,1.483,-35.645,-225.952,94.482
-0.812,-0.134,1.387,-38.635,-216.37,112.244
-0.686,-0.144,1.317,-45.166,-200.073,127.014
-0.555,-0.181,1.235,-54.016,-174.866,140.869
-0.43,-0.23,1.072,-69.092,-142.395,151.367
-0.339,-0.237,0.861,-91.553,-111.206,160.828
-0.278,-0.185,0.695,-105.042,-87.83,168.823
-0.232,-0.165,0.497,-105.652,-68.298,167.48
-0.234,-0.239,0.191,-99.915,-60.791,158.691
-0.236,-0.386,-0.107,-81.848,-73.792,147.705
-0.15,-0.571,-0.278,-53.162,-93.811,140.198
0.001,-0.773,-0.367,-23.254,-99.548,134.338
0.133,-0.966,-0.393,-5.859,-87.097,125.916
0.176,-1.119,-0.312,10.681,-50.903,106.262
0.065,-1.255,-0.339,46.387,17.517,62.378
-0.258,-1.453,-0.77,87.708,96.191,-3.967
-0.714,-1.785,-1.523,115.723,141.235,-63.171
-1.094,-2.094,-2.153,104.126,126.038,-74.768
-1.242,-2.094,-2.273,61.218,75.317,-38.147
-1.13,-1.777,-1.976,33.63,37.415,6.592
-0.844,-1.474,-1.648,34.912,23.193,34.363
-0.527,-1.49,-1.536,45.349,17.029,52.429
-0.213,-1.682,-1.599,44.25,-1.404,67.871
0.179,-1.768,-1.544,28.992,-38.513,69.641
0.62,-1.738,-1.201,5.005,-66.711,51.575
0.933,-1.728,-0.835,-12.207,-68.237,22.217
1.123,-1.791,-0.605,-35.278,-61.646,0.732
1.236,-1.914,-0.426,-51.147,-54.565,-12.39
1.278,-1.902,-0.241,-94.91,-44.006,-9.399
1.21,-1.728,-0.108,-78.552,-40.283,-33.264
1.004,-1.668,-0.093,-44.922,-36.56,-65.552
0.776,-1.732,-0.22,-34.668,-39.673,-82.458
0.586,-1.792,-0.315,-27.893,-64.148,-86.792
0.469,-1.847,-0.209,-26.367,-75.867,-82.031
0.456,-1.861,-0.039,-41.443,-66.101,-60.486
0.493,-1.777,0.129,-38.147,-46.57,-40.71
0.521,-1.67,0.291,-45.044,-12.085,-27.039
0.521,-1.536,0.368,-36.194,23.621,-17.639
0.476,-1.407,0.352,-19.714,50.659,-21.484
0.392,-1.341,0.296,-8.179,69.885,-27.893
0.271,-1.294,0.222,4.395,76.233,-37.598
0.135,-1.268,0.164,16.296,69.153,-49.988
0.021,-1.255,0.172,26.55,51.758,-58.716
-0.057,-1.234,0.275,37.72,37.537,-60.974
-0.123,-1.202,0.407,52.063,33.691,-58.838
-0.187,-1.173,0.517,67.932,40.161,-56.213
-0.234,-1.164,0.604,74.219,56.946,-49.622
-0.26,-1.131,0.651,75.195,81.848,-38.452
-0.28,-1.067,0.646,81.116,107.605,-30.029
-0.297,-1.016,0.603,88.806,130.005,-23.254
-0.3,-0.971,0.522,93.506,148.621,-15.32
-0.296,-0.902,0.419,96.008,159.424,-7.324
-0.297,-0.826,0.326,98.267,162.109,-3.723
-0.292,-0.757,0.261,100.403,155.701,-3.174
-0.279,-0.671,0.249,98.267,141.174,-4.517
-0.262,-0.576,0.3,96.68,126.038,-10.864
-0.245,-0.504,0.382,95.642,115.295,-20.996
-0.23,-0.47,0.469,92.773,112.61,-34.241
-0.236,-0.469,0.529,90.881,117.31,-46.692
-0.263,-0.485,0.551,87.402,124.023,-53.223
-0.298,-0.497,0.558,83.13,129.15,-55.115
-0.338,-0.507,0.56,80.017,133.057,-55.237
-0.372,-0.504,0.534,76.111,132.69,-53.345
-0.387,-0.48,0.508,70.313,122.803,-51.392
-0.375,-0.439,0.535,65.002,108.398,-50.598
-0.354,-0.384,0.597,60.425,96.558,-52.063
-0.353,-0.327,0.66,57.434,89.111,-56.274
-0.366,-0.295,0.696,52.917,89.172,-62.988
-0.378,-0.283,0.686,43.457,92.59,-70.374
-0.411,-0.287,0.65,35.95,89.844,-79.224
-0.465,-0.335,0.648,28.381,78.796,-84.534
-0.508,-0.384,0.716,24.231,66.65,-81.238
-0.538,-0.397,0.823,28.137,58.533,-75.195
-0.56,-0.397,0.932,35.4,56.641,-66.467
-0.577,-0.362,1.026,43.945,62.561,-53.955
-0.593,-0.296,1.085,53.284,73.853,-41.992
-0.597,-0.236,1.084,61.462,86.304,-32.349
-0.6,-0.201,1.038,64.514,93.14,-25.818
-0.593,-0.177,0.974,61.523,94.727,-19.165
-0.576,-0.141,0.888,56.274,91.064,-18.25
-0.559,-0.099,0.819,30.701,83.191,-21.118
-0.55,-0.059,0.792,16.174,73.608,-27.893
-0.573,-0.058,0.745,8.362,59.814,-36.926
-0.597,-0.085,0.745,-2.869,32.837,-43.945
-0.607,-0.107,0.874,-12.817,9.216,-51.331
-0.632,-0.161,1.02,-7.812,-6.653,-58.289
-0.637,-0.233,1.096,9.338,-15.747,-57.983
-0.63,-0.285,1.112,-14.099,-23.56,-56.091
-0.63,-0.322,1.181,-18.555,-33.752,-54.016
-0.62,-0.372,1.245,-12.939,-24.719,-50.354
-0.597,-0.423,1.194,-3.357,-18.555,-41.687
-0.555,-0.436,1.156,1.709,-17.883,-34.18
-0.519,-0.433,1.16,5.493,-13.306,-30.518
-0.494,-0.469,1.136,6.775,-6.836,-25.452
-0.454,-0.503,1.088,-1.526,-0.854,-13.794
-0.401,-0.476,1.054,-11.719,3.906,-5.188
-0.356,-0.443,1.026,-13.062,7.629,-1.221
-0.323,-0.438,0.98,-8.85,8.606,0.488
-0.292,-0.445,0.928,-4.517,6.042,2.38
-0.254,-0.435,0.903,0.977,0.549,3.418
-0.221,-0.422,0.91,7.935,-4.578,0.977
-0.2,-0.432,0.913,14.221,-6.348,-1.648
-0.184,-0.444,0.891,21.423,-7.935,-3.235
-0.166,-0.454,0.861,24.658,-10.864,-5.188
-0.149,-0.465,0.841,26.672,-14.343,-7.507
-0.137,-0.486,0.834,26.611,-17.639,-10.132
-0.875,-0.22,1.646,-70.007,-96.069,-1.587
-0.931,-0.245,1.655,-78.552,-100.952,3.54
-0.98,-0.277,1.643,-83.984,-108.154,9.766
-1.012,-0.324,1.631,-87.891,-117.432,15.869
-1.035,-0.366,1.607,-85.876,-126.221,21.606
-1.048,-0.393,1.557,-84.167,-135.62,24.902
-1.035,-0.409,1.493,-82.825,-145.508,29.785
-1.001,-0.403,1.435,-80.994,-154.663,36.377
-0.972,-0.37,1.397,-79.956,-158.813,42.419
-0.957,-0.34,1.35,-76.538,-156.799,46.265
-0.931,-0.337,1.261,-73.608,-152.405,52.49
-0.872,-0.346,1.158,-74.951,-149.414,63.721
-0.797,-0.356,1.085,-79.041,-144.653,75.989
-0.723,-0.372,1.041,-83.191,-134.033,87.952
-0.65,-0.403,0.997,-83.862,-115.54,100.647
-0.579,-0.439,0.906,-81.482,-92.529,116.638
-0.518,-0.464,0.749,-79.407,-71.899,134.399
-0.454,-0.46,0.528,-65.186,-62.256,150.391
-0.361,-0.407,0.276,-37.17,-68.42,158.569
-0.259,-0.342,0.038,-8.85,-83.679,152.954
-0.157,-0.322,-0.207,18.738,-100.891,135.559
-0.078,-0.365,-0.426,39.856,-120.911,112.366
-0.038,-0.517,-0.568,57.373,-134.155,89.844
0.002,-0.81,-0.687,65.979,-131.042,75.134
0.058,-1.155,-0.82,63.049,-116.15,74.585
0.106,-1.431,-0.882,52.551,-93.75,80.261
0.098,-1.612,-0.84,53.833,-57.861,72.815
-0.003,-1.727,-0.819,72.021,-12.207,43.213
-0.166,-1.792,-0.878,96.741,24.78,-5.676
-0.322,-1.836,-0.979,120.056,43.274,-55.237
-0.434,-1.87,-1.085,120.117,43.884,-80.505
-0.534,-1.823,-1.089,91.431,33.936,-77.576
-0.618,-1.696,-0.942,61.523,27.527,-57.373
-0.621,-1.702,-0.817,50.11,28.32,-19.226
-0.413,-1.947,-0.86,45.41,18.433,41.504
0.078,-2.083,-0.816,19.287,-2.93,104.797
0.605,-1.832,-0.698,-6.409,-16.602,137.512
0.997,-1.533,-0.708,-23.804,-34.241,109.985
1.284,-1.604,-0.639,-36.865,-73.853,60.425
1.537,-1.852,-0.391,-50.72,-99.548,39.917
1.735,-1.832,-0.09,-115.967,-101.99,40.405
1.774,-1.589,0.121,-128.906,-96.252,14.221
1.672,-1.491,0.163,-102.051,-79.773,-37.354
1.473,-1.629,0.059,-76.782,-71.106,-70.007
1.233,-1.761,-0.011,-72.449,-78.064,-74.28
1.012,-1.76,0.097,-74.036,-79.529,-70.74
0.82,-1.734,0.247,-72.327,-67.444,-68.848
0.667,-1.723,0.345,-65.063,-51.086,-60.303
0.559,-1.672,0.449,-45.41,-29.114,-50.476
0.463,-1.601,0.514,-25.024,2.014,-36.804
0.381,-1.51,0.494,-10.132,32.471,-22.034
0.305,-1.398,0.443,1.709,55.298,-14.587
0.226,-1.302,0.394,10.071,70.801,-16.724
0.13,-1.255,0.343,19.104,76.599,-20.874
0.023,-1.219,0.312,27.954,73.73,-23.621
-0.076,-1.187,0.32,36.987,68.176,-28.625
-0.173,-1.188,0.343,46.875,62.256,-32.471
-0.256,-1.202,0.377,55.42,54.871,-28.931
-0.294,-1.162,0.445,61.34,49.377,-18.982
-0.295,-1.047,0.557,66.772,52.856,-11.963
-0.301,-0.936,0.666,77.82,69.519,-13.062
-0.316,-0.893,0.685,91.003,93.75,-14.16
-0.328,-0.873,0.619,99.731,113.892,-10.315
-0.342,-0.826,0.542,105.042,126.465,-5.188
-0.354,-0.766,0.491,108.459,134.949,-0.732
-0.354,-0.706,0.45,107.605,141.663,2.014
-0.346,-0.639,0.404,103.027,144.775,-0.732
-0.345,-0.579,0.362,100.586,141.541,-9.705
-0.348,-0.535,0.341,95.947,131.897,-18.677
-0.352,-0.491,0.355,88.013,116.821,-24.353
-0.358,-0.439,0.412,81.848,101.379,-31.128
-0.364,-0.396,0.484,77.087,91.98,-43.091
-0.372,-0.399,0.528,71.167,86.853,-55.176
-0.381,-0.434,0.547,63.11,80.505,-60.669
-0.389,-0.454,0.582,54.26,73.792,-60.974
-0.386,-0.457,0.65,46.082,72.693,-59.082
-0.375,-0.441,0.716,40.588,78.186,-55.359
-0.362,-0.414,0.753,37.659,84.412,-53.101
-0.353,-0.385,0.773,33.508,88.806,-52.551
-0.351,-0.352,0.775,32.654,90.332,-55.42
-0.341,-0.352,0.754,33.264,87.158,-59.082
-0.32,-0.355,0.741,30.457,80.688,-59.814
-0.295,-0.339,0.756,26.428,76.355,-61.462
-0.283,-0.353,0.786,21.24,76.172,-63.721
-0.296,-0.369,0.812,15.991,79.529,-61.584
-0.319,-0.359,0.811,11.536,83.13,-57.495
-0.331,-0.347,0.793,5.371,81.787,-51.941
-0.326,-0.309,0.789,-1.282,77.942,-45.654
-0.309,-0.253,0.789,-2.991,74.402,-44.006
-0.286,-0.233,0.787,-4.883,69.153,-45.715
-0.282,-0.233,0.804,-12.268,64.392,-49.011
-0.297,-0.243,0.83,-17.883,60.486,-56.03
-0.334,-0.283,0.847,-21.301,53.772,-64.392
-0.376,-0.336,0.889,-26.672,43.213,-66.65
-0.397,-0.369,0.978,-26.489,38.879,-65.308
-0.423,-0.407,1.036,-17.7,43.091,-63.171
-0.441,-0.464,1.035,-13.855,49.377,-56.213
-0.438,-0.479,1.025,-19.47,59.448,-44.739
-0.435,-0.445,0.989,-25.33,74.402,-37.109
-0.45,-0.428,0.903,-21.057,82.947,-33.447
-0.456,-0.423,0.747,-15.991,81.482,-31.799
-0.457,-0.41,0.679,-47.058,59.082,-32.593
-0.455,-0.383,0.811,-52.246,45.166,-37.659
-0.459,-0.389,0.901,-43.945,42.48,-43.701
-0.483,-0.433,0.927,-28.442,33.752,-43.518
-0.503,-0.43,0.958,-16.418,31.006,-40.344
-0.519,-0.397,0.948,-10.742,27.649,-38.208
-0.524,-0.391,0.931,-11.78,24.17,-35.156
-0.51,-0.38,0.914,-14.526,19.592,-30.579
-0.485,-0.376,0.921,-11.841,10.071,-31.921
-0.459,-0.408,0.97,-10.681,0.427,-32.593
-0.439,-0.439,1.036,-10.193,-5.859,-33.691
-0.426,-0.485,1.085,-9.521,-8.423,-35.645
-0.424,-0.543,1.111,-7.446,-9.338,-33.691
-0.423,-0.585,1.13,-5.859,-10.193,-28.442
-0.405,-0.606,1.147,-3.235,-9.216,-24.109
-0.387,-0.613,1.147,3.052,-6.47,-19.592
-0.375,-0.631,1.114,11.597,-4.578,-14.526
-0.359,-0.645,1.063,17.334,-4.395,-8.362
-0.341,-0.642,1.028,20.752,-5.92,-2.808
-0.894,-0.362,1.477,-52.917,-99.548,-10.62
-0.934,-0.358,1.507,-56.396,-104.431,-10.193
-0.979,-0.386,1.493,-56.335,-115.784,-12.085
-1.013,-0.451,1.476,-58.533,-132.812,-13.916
-1.03,-0.523,1.476,-64.392,-149.78,-16.785
-1.031,-0.556,1.477,-67.505,-164.246,-19.287
-1.024,-0.553,1.486,-65.552,-179.138,-21.606
-1.019,-0.568,1.51,-60.608,-189.636,-23.987
-0.999,-0.595,1.51,-63.049,-189.575,-23.804
-0.964,-0.592,1.431,-66.04,-184.57,-23.376
-0.91,-0.589,1.305,-64.88,-185.486,-29.175
-0.839,-0.636,1.215,-64.209,-189.392,-34.851
-0.768,-0.707,1.165,-64.209,-188.354,-37.598
-0.71,-0.801,1.089,-63.477,-182.983,-35.4
-0.689,-0.906,1.002,-58.167,-181.641,-23.071
-0.659,-0.956,0.968,-41.016,-183.35,-2.319
-0.571,-0.94,0.934,-20.508,-175.72,20.447
-0.482,-0.905,0.833,3.662,-161.743,39.917
-0.415,-0.875,0.651,34.485,-148.376,59.265
-0.337,-0.816,0.391,59.631,-135.315,80.933
-0.23,-0.732,0.085,74.707,-126.038,99.182
-0.12,-0.68,-0.174,80.383,-122.925,115.051
-0.052,-0.726,-0.335,75.806,-118.469,131.897
-0.003,-0.866,-0.391,70.251,-108.459,154.358
0.08,-1.055,-0.408,65.857,-83.191,182.495
0.141,-1.255,-0.506,66.895,-45.654,216.064
0.161,-1.334,-0.606,78.918,-9.399,246.643
0.171,-1.278,-0.699,101.44,34.973,256.226
0.126,-1.224,-0.953,126.038,77.454,239.868
-0.008,-1.181,-1.376,140.198,96.802,206.909
-0.196,-1.16,-1.815,137.634,87.585,162.17
-0.304,-1.129,-1.959,110.84,57.861,129.761
-0.29,-0.982,-1.709,79.468,41.26,116.272
-0.262,-0.824,-1.444,50.476,51.941,101.685
-0.245,-0.797,-1.409,27.222,53.101,89.05
-0.142,-0.932,-1.463,6.714,29.114,80.2
0.131,-1.144,-1.394,-16.846,-14.221,73.303
0.531,-1.328,-1.099,-44.434,-56.396,54.993
0.932,-1.459,-0.618,-57.434,-86.365,20.264
1.167,-1.616,-0.122,-52.185,-87.219,-29.48
1.267,-1.921,0.176,-42.847,-84.778,-74.402
1.307,-2.3,0.322,-38.635,-91.858,-101.44
1.255,-2.586,0.443,-48.462,-93.628,-97.717
1.185,-2.585,0.605,-56.152,-93.262,-74.341
1.088,-2.313,0.716,-53.04,-79.102,-64.453
0.883,-2.077,0.634,-38.269,-63.965,-71.045
0.651,-1.974,0.426,-22.888,-54.26,-78.918
0.457,-1.942,0.234,-18.738,-60.303,-72.021
0.356,-1.877,0.199,4.639,-62.012,-59.448
0.308,-1.848,0.196,14.709,-45.288,-42.725
0.3,-1.787,0.177,-8.545,-36.499,-5.371
0.354,-1.572,0.307,-16.418,-20.447,10.315
0.377,-1.426,0.372,-11.841,17.639,9.949
0.355,-1.338,0.255,-13.672,33.63,9.583
0.302,-1.233,0.229,-9.644,31.189,-0.122
0.215,-1.177,0.274,0.488,35.034,-12.756
0.119,-1.163,0.262,11.536,32.166,-22.4
0.049,-1.138,0.282,20.752,19.714,-27.405
0.002,-1.094,0.37,27.588,12.512,-28.564
-0.038,-1.051,0.443,32.593,14.587,-29.48
-0.074,-1.021,0.47,33.997,20.508,-28.625
-0.101,-0.99,0.501,36.499,25.574,-24.353
-0.121,-0.945,0.578,36.438,37.048,-17.761
-0.135,-0.885,0.641,36.316,60.364,-12.451
-0.147,-0.833,0.615,37.048,83.923,-9.155
-0.154,-0.792,0.542,40.161,96.619,-5.188
-0.164,-0.744,0.488,45.044,98.938,-2.625
-0.177,-0.693,0.468,51.025,94.482,-3.967
-0.184,-0.651,0.483,57.8,85.266,-8.423
-0.191,-0.622,0.534,65.491,75.989,-13.245
-0.196,-0.589,0.604,71.045,72.51,-16.785
-0.193,-0.544,0.664,72.449,76.416,-21.912
-0.198,-0.512,0.695,70.557,83.496,-29.053
-0.222,-0.51,0.699,65.308,88.989,-36.011
-0.248,-0.519,0.692,54.932,94.177,-42.297
-0.275,-0.546,0.682,44.128,97.168,-46.143
-0.301,-0.569,0.689,34.973,97.473,-42.969
-0.314,-0.556,0.717,28.625,98.022,-38.33
-0.304,-0.524,0.749,26.306,98.694,-35.828
-0.279,-0.486,0.778,26.855,99.976,-34.607
-0.254,-0.446,0.786,26.062,102.295,-34.363
-0.246,-0.417,0.762,24.719,102.966,-38.757
-0.251,-0.408,0.717,19.287,100.952,-44.434
-0.251,-0.41,0.666,13.306,95.337,-50.354
-0.264,-0.424,0.642,9.521,83.679,-55.115
-0.294,-0.469,0.666,10.742,69.824,-57.129
-0.325,-0.517,0.719,14.526,56.213,-53.589
-0.342,-0.54,0.804,18.005,46.631,-48.889
-0.334,-0.551,0.891,20.325,47.546,-42.419
-0.311,-0.543,0.939,18.799,56.58,-33.081
-0.266,-0.501,0.938,15.198,71.899,-27.039
-0.214,-0.437,0.895,9.888,87.402,-26.855
-0.202,-0.389,0.83,4.639,97.351,-30.762
-0.224,-0.398,0.749,4.761,100.647,-32.043
-0.24,-0.437,0.641,0.732,94.971,-28.198
-0.235,-0.421,0.607,-11.108,78.674,-23.254
-0.219,-0.383,0.696,-10.742,67.993,-27.161
-0.218,-0.41,0.761,-10.376,66.04,-32.288
-0.233,-0.444,0.791,-11.23,61.584,-33.691
-0.244,-0.446,0.842,-15.198,61.707,-34.119
-0.243,-0.434,0.865,-12.878,64.88,-33.997
-0.236,-0.428,0.868,-11.108,69.763,-34.18
-0.243,-0.41,0.82,-9.521,76.965,-32.349
-0.242,-0.381,0.722,-0.854,77.698,-33.081
-0.258,-0.396,0.612,-23.987,70.435,-34.546
-0.276,-0.405,0.685,-33.691,55.725,-30.151
-0.278,-0.411,0.774,-25.452,68.298,-27.1
-0.302,-0.452,0.735,-21.912,64.148,-20.447
-0.305,-0.432,0.785,-25.757,64.27,-13.611
-0.305,-0.378,0.797,-26.001,70.129,-16.052
-0.328,-0.365,0.759,-25.94,65.43,-19.47
-0.359,-0.361,0.752,-26.978,57.19,-24.475
-0.387,-0.372,0.762,-22.827,45.166,-31.311
-0.418,-0.403,0.792,-21.729,30.273,-37.537
-0.444,-0.44,0.866,-25.146,18.921,-41.26
-0.466,-0.497,0.923,-17.822,15.442,-41.626
-0.483,-0.554,0.951,-11.841,10.864,-35.461
-0.478,-0.582,0.996,-10.376,13.794,-28.503
-0.469,-0.61,1.013,-14.343,21.606,-22.339
-0.46,-0.637,1.008,-17.09,27.893,-14.526
-0.721,-0.443,1.441,-18.005,-113.647,2.136
-0.749,-0.448,1.432,-24.597,-115.295,3.662
-0.776,-0.473,1.404,-28.748,-119.141,6.653
-0.802,-0.502,1.373,-33.63,-122.864,13.062
-0.828,-0.517,1.325,-39.246,-126.343,19.592
-0.839,-0.52,1.258,-41.016,-132.935,26.428
-0.831,-0.519,1.195,-42.847,-142.151,29.663
-0.813,-0.525,1.143,-44.067,-154.724,30.823
-0.8,-0.531,1.116,-43.579,-169.922,30.029
-0.805,-0.545,1.101,-43.152,-181.702,26.367
-0.812,-0.569,1.068,-44.739,-191.772,24.353
-0.806,-0.584,1.056,-45.471,-204.59,25.452
-0.786,-0.58,1.093,-42.175,-213.257,28.625
-0.754,-0.574,1.133,-36.743,-214.478,33.203
-0.709,-0.575,1.152,-34.119,-209.839,40.588
-0.657,-0.57,1.17,-30.762,-201.66,50.232
-0.602,-0.554,1.196,-23.132,-189.148,62.256
-0.541,-0.526,1.216,-12.207,-172.363,76.294
-0.479,-0.503,1.21,2.38,-152.771,89.172
-0.422,-0.499,1.174,21.118,-132.935,103.821
-0.363,-0.517,1.111,40.71,-111.023,121.277
-0.28,-0.554,0.992,55.725,-84.229,143.616
-0.158,-0.591,0.812,65.552,-55.298,167.847
-0.008,-0.63,0.594,68.97,-24.353,190.613
0.166,-0.676,0.324,65.125,6.775,209.473
0.369,-0.723,-0.011,63.965,23.865,223.511
0.595,-0.787,-0.374,66.711,16.174,229.004
0.807,-0.931,-0.68,80.261,-10.376,218.689
0.953,-1.149,-0.877,99.548,-31.128,194.763
0.983,-1.369,-1.021,121.46,-29.663,155.823
0.885,-1.578,-1.183,146.912,-7.019,97.534
0.606,-1.725,-1.358,159.18,29.053,22.217
0.123,-1.762,-1.495,148.376,65.796,-64.88
-0.401,-1.805,-1.562,125.427,86.731,-132.324
-0.76,-1.871,-1.526,87.524,82.336,-142.273
-0.897,-1.802,-1.316,47.913,60.669,-110.962
-0.944,-1.628,-1.033,21.851,47.546,-73.975
-0.927,-1.555,-0.901,4.028,39.795,-41.077
-0.718,-1.625,-0.925,-17.517,14.893,-6.775
-0.299,-1.599,-0.916,-53.284,-32.715,22.888
0.19,-1.423,-0.724,-86.487,-90.942,18.372
0.591,-1.41,-0.373,-101.379,-139.832,-15.808
0.914,-1.599,-0.004,-105.286,-174.072,-44.983
1.165,-1.798,0.434,-71.838,-186.157,-64.636
1.284,-1.929,0.785,-58.472,-148.926,-57.007
1.278,-1.894,0.858,-61.157,-112.549,-35.4
1.161,-1.739,0.85,-58.777,-82.764,-27.954
0.969,-1.655,0.717,-51.331,-52.49,-30.518
0.789,-1.649,0.528,-50.903,-50.354,-22.888
0.645,-1.59,0.487,-35.889,-54.504,-15.564
0.558,-1.521,0.495,-39.612,-43.091,-8.423
0.582,-1.467,0.491,-50.537,-31.128,6.104
0.618,-1.419,0.546,-54.321,-23.132,15.015
0.636,-1.375,0.653,-56.702,-7.324,24.048
0.57,-1.324,0.75,-52.063,16.357,22.156
0.471,-1.272,0.775,-40.1,39.734,17.883
0.33,-1.208,0.68,-19.714,61.279,4.15
0.061,-1.289,0.625,23.499,61.462,-4.456
-0.176,-1.374,0.642,39.978,77.881,15.93
-0.261,-1.254,0.483,44.678,91.797,34.302
-0.31,-1.09,0.345,61.462,72.388,39.734
-0.326,-1.115,0.317,69.763,67.078,40.771
-0.176,-1.446,0.048,27.161,63.354,42.664
-0.019,-0.993,-0.079,2.014,20.02,62.622
-0.012,-0.29,0.377,61.096,-36.621,2.93
-0.068,-0.702,0.527,80.811,13.794,-39.368
-0.079,-1.021,0.274,50.537,22.888,-7.446
-0.056,-0.77,0.365,41.321,16.296,7.507
-0.02,-0.688,0.495,49.377,34.485,-1.16
0.014,-0.748,0.455,50.171,46.387,1.038
0.038,-0.686,0.43,51.636,48.95,-3.357
0.039,-0.645,0.441,58.228,52.673,-17.151
0.008,-0.69,0.418,56.03,57.8,-25.269
-0.042,-0.722,0.377,48.828,57.007,-26.184
-0.081,-0.7,0.387,43.457,50.781,-24.902
-0.096,-0.66,0.435,38.757,48.096,-26.062
-0.087,-0.638,0.46,35.583,47.119,-32.104
-0.083,-0.642,0.465,30.518,43.823,-38.086
-0.077,-0.646,0.475,22.888,40.161,-40.039
-0.061,-0.649,0.49,13.794,39.368,-40.894
-0.052,-0.645,0.512,2.258,41.87,-39.307
-0.039,-0.63,0.542,-4.395,44.434,-35.767
-0.016,-0.61,0.581,-10.559,48.401,-31.799
0.012,-0.576,0.614,-15.198,56.091,-30.151
0.026,-0.555,0.634,-15.991,63.293,-32.166
0.011,-0.54,0.645,-16.052,72.205,-36.621
-0.03,-0.557,0.605,-15.686,81.421,-44.373
-0.074,-0.625,0.524,-20.02,80.322,-44.922
-0.075,-0.626,0.499,-27.649,69.946,-37.17
-0.035,-0.564,0.571,-29.541,58.594,-33.081
0.013,-0.536,0.698,-28.564,54.016,-32.532
0.047,-0.523,0.817,-25.513,58.96,-35.4
0.045,-0.538,0.886,-17.09,67.932,-40.1
0.014,-0.587,0.893,-12.207,77.942,-40.833
-0.036,-0.622,0.876,-6.714,84.717,-37.964
-0.098,-0.634,0.851,1.343,92.285,-32.471
-0.137,-0.623,0.803,10.071,95.703,-25.146
-0.163,-0.582,0.779,16.357,96.68,-19.287
-0.175,-0.526,0.766,20.081,99.854,-17.029
-0.172,-0.49,0.719,20.02,100.708,-18.311
-0.178,-0.462,0.69,14.404,95.886,-20.02
-0.202,-0.426,0.715,8.118,90.393,-24.292
-0.236,-0.417,0.753,0.671,86.182,-30.334
-0.257,-0.445,0.788,-2.747,78.186,-34.424
-0.276,-0.47,0.863,-1.587,67.078,-36.56
-0.298,-0.501,0.962,3.052,60.669,-39.734
-0.314,-0.554,1.034,11.536,57.129,-39.673
-0.315,-0.591,1.101,25.024,53.345,-34.058
-0.31,-0.591,1.138,28.137,58.533,-26.855
-0.308,-0.574,1.152,13.672,63.965,-20.874
-0.312,-0.562,1.171,6.47,77.942,-15.442
-0.318,-0.531,1.11,10.01,92.59,-8.911
-0.329,-0.504,0.985,14.404,93.628,-7.874
-0.344,-0.495,0.918,6.958,84.229,-5.859
-0.335,-0.453,0.929,-1.892,77.209,-4.883
-0.333,-0.433,0.935,-3.113,71.716,-10.925
-0.357,-0.456,0.929,-1.648,63.721,-13.672
-0.376,-0.458,0.948,0.916,57.19,-14.404
-0.386,-0.453,0.959,8.972,55.176,-16.296
-0.392,-0.453,0.922,16.724,52.185,-16.907
-0.774,-0.309,1.526,-15.747,-125.366,-7.324
-0.76,-0.288,1.594,-14.038,-135.498,-4.395
-0.763,-0.264,1.642,-10.071,-138.55,-4.211
-0.778,-0.276,1.64,-6.836,-140.381,-1.282
-0.778,-0.286,1.615,-8.728,-144.531,7.324
-0.758,-0.253,1.602,-9.644,-149.353,17.151
-0.724,-0.207,1.596,-12.268,-151.794,20.63
-0.693,-0.188,1.566,-17.639,-154.297,21.851
-0.677,-0.197,1.507,-20.508,-160.217,23.376
-0.664,-0.225,1.448,-23.743,-169.861,26.123
-0.654,-0.25,1.405,-26.917,-179.626,31.921
-0.632,-0.245,1.363,-27.222,-186.768,36.926
-0.583,-0.245,1.276,-23.804,-192.81,39.978
-0.512,-0.301,1.118,-20.63,-199.158,42.48
-0.416,-0.367,0.909,-18.005,-203.796,46.143
-0.317,-0.37,0.731,-15.564,-206.421,48.523
-0.243,-0.373,0.615,-0.488,-201.904,41.748
-0.214,-0.475,0.493,24.597,-186.829,30.518
-0.252,-0.655,0.338,45.898,-165.222,27.466
-0.325,-0.829,0.176,59.082,-140.442,32.898
-0.392,-0.959,0.033,66.162,-114.868,42.847
-0.455,-1.059,-0.099,69.458,-89.966,51.27
-0.545,-1.22,-0.304,67.566,-66.65,51.514
-0.668,-1.434,-0.559,52.246,-57.068,48.767
-0.832,-1.555,-0.67,30.396,-61.829,41.382
-0.984,-1.628,-0.582,35.4,-65.979,12.512
-1.065,-1.73,-0.383,62.744,-57.678,-21.179
-1.068,-1.757,-0.144,95.337,-30.579,-30.884
-1.047,-1.697,-0.035,125.793,23.804,-7.263
-1.003,-1.684,-0.172,141.541,84.839,43.823
-0.784,-1.651,-0.395,135.803,135.376,119.08
-0.383,-1.399,-0.708,96.497,169.312,191.528
0.08,-1.008,-1.12,51.453,147.156,204.956
0.512,-0.839,-1.259,-21.301,60.974,164.001
0.959,-0.94,-0.868,-79.041,-32.41,103.088
1.224,-1.178,-0.235,-86.426,-80.75,34.363
1.272,-1.563,0.214,-71.96,-92.896,-7.446
1.241,-1.934,0.451,-63.049,-82.52,-14.465
1.13,-2.163,0.572,-55.176,-56.458,-2.136
1.1,-2.203,0.633,-71.472,-33.142,25.452
1.142,-2.017,0.687,-68.848,-23.499,41.321
1.161,-1.763,0.684,-44.312,-14.587,31.372
1.087,-1.581,0.588,-16.968,-9.094,11.169
0.92,-1.469,0.49,5.554,-9.644,-5.249
0.756,-1.413,0.441,25.879,-1.709,-12.756
0.638,-1.397,0.355,18.677,8.972,-3.174
0.626,-1.273,0.252,-0.427,15.808,11.475
0.638,-1.099,0.179,7.69,1.404,-3.784
0.584,-1.102,0.176,14.221,-15.015,-24.353
0.529,-1.169,0.154,-15.137,-14.099,-33.142
0.457,-1.184,0.149,-31.982,-33.508,-43.823
0.372,-1.239,0.3,-28.809,-45.532,-58.533
0.28,-1.33,0.424,-28.137,-37.598,-62.195
0.194,-1.374,0.46,-18.433,-32.227,-60.852
0.137,-1.389,0.49,-0.244,-23.865,-58.655
0.103,-1.398,0.475,10.132,-8.118,-49.5
0.078,-1.349,0.434,14.404,8.667,-36.682
0.056,-1.28,0.375,15.869,30.762,-28.015
0.026,-1.252,0.248,13.062,49.316,-17.456
0,-1.209,0.13,7.812,57.495,-5.493
-0.014,-1.159,0.075,5.188,62.195,0.732
-0.039,-1.145,0.036,4.578,63.049,4.456
-0.049,-1.148,0.008,6.348,57.068,6.897
-0.032,-1.128,0.021,7.996,47.974,10.132
-0.021,-1.08,0.074,10.986,43.274,11.902
-0.013,-1.053,0.127,15.442,46.387,12.451
-0.004,-1.049,0.159,15.625,52.856,18.555
-0.002,-1.026,0.178,13.062,59.143,27.466
0.007,-0.974,0.194,11.475,65.186,33.203
0.018,-0.921,0.205,10.681,69.031,35.522
0.041,-0.854,0.224,8.606,68.115,34.485
0.065,-0.775,0.293,7.751,62.622,27.954
0.073,-0.738,0.399,13.611,65.613,18.188
0.062,-0.745,0.435,21.423,77.148,8.972
0.032,-0.747,0.414,23.193,81.604,5.737
0.009,-0.73,0.431,27.283,85.51,3.723
-0.013,-0.711,0.439,29.907,96.497,3.601
-0.042,-0.673,0.407,30.64,103.333,5.981
-0.065,-0.613,0.409,27.588,104.736,7.446
-0.076,-0.541,0.448,21.912,106.506,6.531
-0.073,-0.467,0.474,18.555,106.934,-0.977
-0.07,-0.436,0.484,18.25,102.112,-13.123
-0.071,-0.441,0.513,16.113,94.238,-21.851
-0.07,-0.45,0.57,15.381,89.539,-28.809
-0.08,-0.465,0.648,17.212,88.379,-33.813
-0.112,-0.489,0.732,19.958,93.018,-37.048
-0.167,-0.529,0.787,23.804,102.295,-39.124
-0.239,-0.557,0.808,28.748,111.755,-36.316
-0.292,-0.545,0.798,33.508,120.605,-29.358
-0.318,-0.508,0.76,36.804,126.526,-22.034
-0.324,-0.458,0.721,37.415,129.7,-14.832
-0.32,-0.387,0.689,34.546,132.08,-9.094
-0.308,-0.304,0.661,31.616,131.714,-7.202
-0.3,-0.248,0.657,28.992,127.075,-11.353
-0.323,-0.203,0.692,24.963,120.239,-18.188
-0.376,-0.174,0.718,23.071,114.075,-32.959
-0.453,-0.235,0.698,25.452,101.563,-47.363
-0.527,-0.339,0.69,31.555,81.482,-51.392
-0.555,-0.385,0.724,41.687,64.026,-49.988
-0.546,-0.362,0.77,50.11,54.993,-47.302
-0.54,-0.33,0.814,54.749,55.298,-45.715
-0.56,-0.316,0.856,50.598,64.27,-41.443
-0.604,-0.299,0.876,40.1,77.087,-36.987
-0.659,-0.273,0.879,29.358,84.29,-31.311
-0.706,-0.23,0.891,16.846,84.778,-25.757
-0.721,-0.175,0.888,18.005,81.482,-22.644
-0.73,-0.124,0.84,-6.714,68.42,-25.757
-0.732,-0.098,0.943,-23.132,45.959,-32.227
-0.735,-0.107,1.081,-14.099,45.532,-37.842
-0.759,-0.156,1.074,-4.456,36.804,-41.748
-0.784,-0.227,1.116,-7.202,26.55,-41.748
-0.804,-0.291,1.19,-10.681,25.269,-37.415
-0.816,-0.36,1.211,-12.695,27.344,-29.785
-0.817,-0.407,1.215,-15.564,27.527,-19.531
-0.804,-0.42,1.232,-12.268,29.175,-13.062
-0.787,-0.452,1.219,-7.874,30.945,-7.141
-0.754,-0.461,1.185,-7.935,29.663,-0.244
-0.714,-0.445,1.153,-5.188,28.625,1.831
-0.672,-0.454,1.097,-6.714,28.32,3.784
-0.626,-0.464,1.032,-5.31,22.888,5.127
-0.393,-1.929,-0.938,91.492,58.655,49.805
-0.265,-1.747,-0.92,77.087,66.406,75.134
-0.071,-1.445,-0.904,68.359,73.853,86.487
0.118,-1.623,-1.406,41.138,73.853,83.435
0.181,-2.059,-1.598,-214.905,-17.7,188.965
0.27,-1.397,-0.679,-90.515,-15.747,256.653
0.519,-0.746,-0.603,-88.074,127.991,145.264
0.682,-1.27,-1.083,-88.501,61.035,35.828
0.751,-1.726,-0.63,-108.154,-19.531,10.62
0.8,-1.829,0.038,-79.346,-20.02,1.709
0.804,-1.918,0.155,-26.367,20.996,2.625
0.779,-1.904,-0.129,-6.47,20.935,2.258
0.752,-1.837,-0.26,-4.211,-0.916,-4.7
0.714,-1.725,-0.24,-7.324,-15.686,-16.174
0.653,-1.638,-0.147,-1.709,-19.287,-30.64
0.608,-1.604,-0.046,9.827,-9.583,-33.02
0.588,-1.576,-0.033,40.527,-12.207,-26.367
0.598,-1.545,-0.005,42.908,-20.569,-10.925
0.637,-1.419,0.11,53.467,-19.714,-2.991
0.656,-1.29,0.177,63.049,-5.615,-12.756
0.618,-1.254,0.141,73.547,9.888,-23.437
0.516,-1.282,0.013,56.213,12.207,-24.841
0.381,-1.233,0.051,40.894,0.305,-16.846
0.242,-1.113,0.164,41.504,12.695,-24.719
0.103,-1.11,0.125,51.636,11.597,-36.743
-0.03,-1.2,0.104,55.969,9.888,-36.255
-0.116,-1.29,0.099,51.086,11.414,-20.63
-0.118,-1.3,0.141,45.349,12.39,1.831
-0.07,-1.223,0.232,43.213,18.921,19.104
-0.037,-1.129,0.288,48.95,30.273,24.78
-0.032,-1.072,0.267,56.458,38.574,22.888
-0.044,-1.016,0.231,57.739,38.086,18.311
-0.083,-0.964,0.243,59.631,37.17,8.911
-0.142,-0.957,0.261,71.655,41.016,2.441
-0.192,-0.956,0.228,79.956,48.096,-0.488
-0.225,-0.954,0.182,82.153,48.279,-4.456
-0.245,-0.972,0.204,81.482,46.326,-5.31
-0.253,-0.988,0.256,75.134,53.894,2.075
-0.246,-0.977,0.27,70.251,62.866,11.963
-0.21,-0.924,0.278,63.354,68.787,20.325
-0.172,-0.838,0.302,57.312,73.303,21.729
-0.16,-0.774,0.319,59.204,75.256,15.93
-0.162,-0.747,0.314,63.904,76.172,9.827
-0.169,-0.723,0.297,65.063,74.829,5.432
-0.177,-0.69,0.298,61.279,74.646,0.244
-0.179,-0.653,0.312,53.467,78.064,-6.897
-0.192,-0.627,0.325,45.349,81.909,-14.954
-0.219,-0.636,0.332,41.504,82.397,-22.461
-0.247,-0.671,0.341,40.833,77.454,-25.452
-0.268,-0.683,0.401,41.931,69.519,-24.292
-0.293,-0.668,0.505,47.485,67.139,-24.292
-0.33,-0.669,0.588,55.786,70.496,-24.597
-0.354,-0.67,0.641,61.829,76.05,-21.667
-0.375,-0.643,0.673,67.017,83.618,-19.409
-0.405,-0.632,0.661,72.327,92.59,-18.982
-0.425,-0.636,0.603,75.134,98.511,-14.709
-0.417,-0.58,0.555,74.097,98.572,-7.446
-0.404,-0.464,0.548,72.327,97.229,-4.944
-0.408,-0.372,0.561,68.726,95.825,-8.911
-0.423,-0.335,0.579,61.279,93.872,-13
-0.445,-0.294,0.617,53.162,89.355,-15.015
-0.46,-0.228,0.688,45.898,85.022,-19.714
-0.488,-0.189,0.743,44.617,80.078,-29.602
-0.546,-0.233,0.738,49.316,67.749,-44.067
-0.596,-0.309,0.73,54.26,47.18,-53.406
-0.62,-0.322,0.77,58.838,28.381,-57.617
-0.635,-0.295,0.812,62.744,20.081,-61.523
-0.649,-0.283,0.825,60.303,20.63,-63.232
-0.677,-0.256,0.852,51.514,27.039,-56.702
-0.696,-0.209,0.883,41.504,37.72,-47.18
-0.683,-0.17,0.88,31.433,45.044,-36.56
-0.648,-0.115,0.881,20.203,43.091,-30.884
-0.613,-0.071,0.919,10.559,37.292,-36.072
-0.594,-0.077,0.959,6.47,27.832,-44.434
-0.589,-0.09,0.989,4.395,13.184,-51.025
-0.577,-0.069,1.026,4.089,-1.282,-56.091
-0.559,-0.041,1.048,4.211,-11.292,-61.462
-0.558,-0.023,1.052,3.113,-14.954,-64.087
-0.553,-0.021,1.043,2.991,-11.23,-60.791
-0.528,-0.016,0.943,-6.042,-2.563,-54.199
-0.503,-0.025,0.854,-41.748,-9.46,-53.284
-0.474,-0.077,0.914,-47.974,-14.709,-54.382
-0.448,-0.149,0.917,-44.067,-14.587,-56.03
-0.429,-0.23,0.897,-50.11,-34.729,-58.655
-0.402,-0.307,1.006,-49.927,-48.523,-60.364
-0.37,-0.383,1.086,-41.626,-51.27,-61.035
-0.344,-0.461,1.12,-36.56,-53.467,-60.242
-0.323,-0.53,1.176,-36.255,-46.875,-55.786
-0.305,-0.592,1.191,-33.752,-34.668,-47.913
-0.285,-0.636,1.156,-30.762,-25.208,-38.269
-0.255,-0.65,1.123,-30.396,-19.592,-29.968
-0.238,-0.657,1.104,-23.315,-16.296,-24.475
-0.229,-0.678,1.081,-20.447,-13,-19.165
-0.208,-0.683,1.062,-17.7,-11.169,-13.733
-0.187,-0.672,1.043,-6.531,-10.803,-11.719
-0.169,-0.668,1.011,1.953,-10.864,-9.949
-0.157,-0.65,0.985,6.775,-11.78,-9.033
-0.152,-0.638,0.966,12.695,-11.658,-9.277
-0.155,-0.645,0.943,20.996,-11.902,-8.179
-0.163,-0.647,0.918,28.198,-10.925,-4.7
-0.16,-0.635,0.907,31.128,-9.216,-0.61
-0.15,-0.624,0.907,34.058,-5.188,2.258
-0.143,-0.624,0.885,33.203,-0.732,5.737
-0.133,-0.605,0.848,29.48,1.831,8.728
-0.121,-0.564,0.815,25.94,3.174,9.399
-0.109,-0.54,0.786,23.743,1.465,7.324
-0.1,-0.544,0.77,19.165,-2.441,4.639
-0.096,-0.535,0.784,13.55,-6.714,2.93
-0.094,-0.536,0.805,12.024,-6.714,-0.244
-0.093,-0.562,0.798,9.705,-5.249,0
-0.095,-0.565,0.793,5.981,-6.653,0.977
-0.104,-0.563,0.797,3.662,-8.301,-0.671
-0.108,-0.576,0.786,-0.122,-8.728,-2.136
-0.112,-0.59,0.78,-2.38,-10.071,-2.014
-0.121,-0.6,0.79,-3.784,-9.46,-1.038
-0.124,-0.618,0.797,-6.287,-7.996,1.038
-0.119,-0.629,0.797,-10.376,-5.493,4.395
-0.115,-0.623,0.781,-13.55,-2.808,5.981
-0.109,-0.622,0.764,-15.198,-2.869,5.859
-0.095,-0.627,0.766,-17.212,-4.272,4.517
-0.687,-0.454,1.512,-52.612,-76.843,12.451
-0.738,-0.472,1.543,-53.284,-80.994,21.667
-0.776,-0.458,1.572,-49.805,-83.923,35.217
-0.787,-0.437,1.573,-41.809,-84.717,47.058
-0.781,-0.414,1.505,-38.574,-84.839,59.448
-0.758,-0.326,1.363,-42.908,-85.876,63.416
-0.736,-0.218,1.179,-46.204,-94.299,57.068
-0.729,-0.156,1.014,-48.401,-112.732,45.41
-0.734,-0.141,0.926,-53.101,-134.644,32.593
-0.731,-0.163,0.908,-59.509,-153.503,20.935
-0.709,-0.21,0.929,-66.345,-166.626,13.672
-0.672,-0.251,0.951,-70.618,-173.584,11.108
-0.621,-0.279,0.949,-72.998,-175.537,11.353
-0.558,-0.307,0.926,-75.867,-176.697,14.465
-0.491,-0.324,0.922,-77.637,-178.772,16.479
-0.423,-0.351,0.933,-76.111,-178.65,14.832
-0.356,-0.392,0.924,-74.829,-175.049,13.123
-0.303,-0.427,0.902,-73.242,-168.152,11.047
-0.26,-0.459,0.867,-65.674,-156.799,7.751
-0.207,-0.489,0.788,-51.819,-145.386,5.615
-0.135,-0.539,0.665,-32.776,-143.311,5.066
-0.045,-0.62,0.566,-10.681,-149.597,9.46
0.065,-0.715,0.523,9.216,-153.32,20.996
0.183,-0.836,0.485,27.649,-147.827,39.063
0.292,-1.016,0.369,43.518,-131.897,65.247
0.412,-1.184,0.2,54.871,-113.586,102.661
0.538,-1.229,0.065,67.627,-91.37,137.451
0.615,-1.258,-0.146,83.252,-57.129,150.085
0.634,-1.341,-0.46,85.876,-19.836,146.545
0.592,-1.381,-0.728,85.266,19.348,124.451
0.447,-1.47,-1.034,85.999,59.998,78.369
0.156,-1.711,-1.446,73.059,75.317,25.818
-0.257,-1.821,-1.594,33.264,56.213,-15.747
-0.555,-1.867,-1.318,51.27,27.832,-47.974
-0.614,-2.075,-1.059,37.903,29.785,-47.424
-0.552,-2.09,-0.826,30.09,30.029,-4.761
-0.396,-1.914,-0.549,41.565,59.692,32.227
-0.157,-1.814,-0.543,50.842,101.685,69.824
0.076,-2.005,-0.875,-2.93,115.234,117.126
0.423,-1.721,-1.035,-20.02,79.529,185.181
0.807,-1.23,-0.906,33.752,54.749,127.991
1.02,-1.377,-0.881,2.869,38.269,91.003
1.125,-1.353,-0.691,-30.151,14.038,79.956
1.112,-1.273,-0.476,-38.94,14.648,30.701
1.026,-1.454,-0.369,-47.18,-8.301,-9.216
0.902,-1.734,-0.127,-53.284,-22.095,-32.776
0.751,-1.856,0.022,-55.176,-21.057,-28.625
0.572,-1.803,0.277,-45.837,-19.775,-40.649
0.386,-1.768,0.299,-22.156,2.686,-59.814
0.218,-1.787,0.047,-37.292,-33.02,-85.51
0.109,-1.86,0.105,-39.063,-67.566,-90.942
0.034,-1.9,0.341,-11.292,-54.382,-83.984
-0.042,-1.985,0.443,10.193,-6.653,-50.903
-0.036,-1.88,0.346,5.859,27.771,-3.296
-0.004,-1.621,0.318,15.869,48.279,12.268
-0.008,-1.5,0.325,27.405,73.792,17.456
-0.049,-1.407,0.274,35.95,96.558,24.17
-0.125,-1.312,0.188,50.781,111.694,21.973
-0.229,-1.269,0.078,65.308,117.371,18.127
-0.328,-1.201,-0.025,73.303,112,17.578
-0.385,-1.076,-0.097,77.087,97.168,15.137
-0.395,-0.943,-0.114,75.134,78.796,8.484
-0.385,-0.823,-0.063,66.895,65.857,-2.747
-0.398,-0.748,0.007,60.425,58.105,-17.029
-0.427,-0.748,0.08,57.983,51.758,-29.785
-0.453,-0.795,0.153,56.458,49.377,-36.255
-0.476,-0.821,0.225,59.326,47.668,-35.767
-0.498,-0.822,0.312,67.322,48.95,-32.532
-0.51,-0.813,0.391,73.73,56.396,-25.208
-0.498,-0.769,0.44,79.346,65.552,-16.174
-0.481,-0.702,0.461,85.327,72.571,-9.216
-0.446,-0.617,0.463,82.458,80.383,-3.906
-0.397,-0.506,0.455,73.425,88.501,-4.761
-0.371,-0.409,0.445,66.284,92.285,-13.611
-0.371,-0.364,0.453,59.692,90.576,-23.315
-0.393,-0.358,0.482,51.331,87.891,-29.724
-0.434,-0.378,0.513,45.593,83.252,-34.241
-0.463,-0.406,0.553,42.603,77.393,-36.011
-0.455,-0.402,0.606,40.771,73.669,-34.607
-0.428,-0.364,0.653,40.71,73.425,-34.119
-0.397,-0.31,0.661,42.664,75.806,-35.4
-0.374,-0.245,0.63,41.443,76.599,-39.063
-0.377,-0.21,0.572,37.354,73.242,-47.485
-0.382,-0.206,0.534,29.175,63.293,-55.969
-0.374,-0.203,0.576,20.02,50.11,-65.918
-0.38,-0.234,0.685,13.977,38.391,-76.416
-0.402,-0.294,0.804,10.986,33.569,-82.581
-0.416,-0.333,0.894,8.606,37.231,-82.458
-0.436,-0.345,0.933,8.85,45.288,-79.529
-0.461,-0.365,0.91,7.568,52.368,-70.557
-0.446,-0.342,0.848,-6.165,59.143,-59.082
-0.382,-0.258,0.791,-29.663,66.528,-55.542
-0.312,-0.185,0.776,-52.185,69.214,-56.519
-0.27,-0.141,0.835,-68.726,67.261,-61.951
-0.249,-0.12,0.927,-81.238,67.505,-70.435
-0.272,-0.155,0.999,-79.468,64.331,-79.407
-0.361,-0.295,1.05,-59.57,52.734,-80.933
-0.431,-0.441,1.114,-41.26,34.851,-67.2
-0.41,-0.466,1.226,-25.818,22.034,-53.894
-0.346,-0.454,1.321,-10.925,19.897,-50.964
-0.309,-0.47,1.345,-0.854,24.109,-49.744
-0.318,-0.479,1.278,8.667,29.663,-48.157
-0.338,-0.49,1.22,-6.287,25.208,-44.617
-0.347,-0.494,1.224,-9.583,27.893,-42.114
-0.364,-0.507,1.201,-6.775,30.701,-37.659
-0.387,-0.521,1.156,-2.991,34.485,-30.029
-0.405,-0.528,1.085,-1.343,37.354,-23.254
-0.422,-0.557,1.014,0.244,33.02,-16.968
-0.426,-0.591,0.975,0.854,26.489,-10.437
-0.401,-0.606,0.964,1.831,18.25,-5.127
-0.368,-0.607,0.989,6.042,13.306,-3.662
-0.346,-0.624,0.993,7.263,13.672,-3.906
-0.336,-0.644,0.971,12.146,12.878,-3.906
-0.332,-0.649,0.931,17.7,14.16,-3.601
-0.31,-0.642,0.885,18.921,13,-4.028
-0.285,-0.633,0.862,15.991,13.611,-6.47
-0.285,-0.647,0.821,12.817,14.038,-8.911
-0.295,-0.684,0.781,10.681,9.216,-8.179
-0.284,-0.705,0.784,9.094,5.127,-4.15
-0.256,-0.707,0.8,7.629,5.31,0.305
-0.597,-2.422,-0.763,154.053,65.063,-141.235
-0.799,-2.841,-0.838,159.668,95.764,-130.005
-0.853,-2.944,-0.761,129.517,125.488,-65.063
-0.688,-2.629,-0.634,100.098,160.706,11.902
-0.406,-2.21,-0.672,91.797,189.636,64.575
-0.119,-1.931,-0.93,79.163,189.392,90.576
0.18,-1.759,-1.209,50.964,143.921,89.844
0.522,-1.632,-1.252,13.489,66.345,66.101
0.839,-1.493,-0.947,-21.973,-9.521,30.334
1.009,-1.342,-0.472,-54.321,-51.575,-11.353
0.988,-1.328,-0.079,-45.776,-68.848,-53.467
0.866,-1.529,0.179,-3.906,-56.03,-78.857
0.73,-1.779,0.177,-6.775,-27.466,-82.581
0.581,-1.914,0.096,-16.968,-40.344,-78.43
0.443,-1.941,0.253,-3.845,-55.298,-77.698
0.322,-1.898,0.4,-7.507,-42.542,-70.129
0.215,-1.799,0.376,-18.066,-35.706,-60.486
0.129,-1.729,0.347,-27.832,-35.767,-54.749
0.064,-1.718,0.351,-37.781,-30.945,-41.382
0.038,-1.673,0.361,-48.157,-19.714,-18.005
0.068,-1.556,0.385,-55.115,-1.038,2.197
0.107,-1.419,0.392,-58.044,18.311,10.071
0.11,-1.318,0.373,-55.542,32.593,8.789
0.062,-1.271,0.34,-46.631,41.931,3.723
-0.014,-1.255,0.282,-36.743,49.072,0.366
-0.079,-1.227,0.21,-28.87,48.889,1.16
-0.143,-1.172,0.19,-15.381,40.1,1.526
-0.23,-1.143,0.229,0.488,36.987,-0.244
-0.302,-1.15,0.246,9.827,43.518,3.54
-0.329,-1.139,0.213,-1.343,48.584,14.343
-0.316,-1.034,0.218,-4.089,45.349,28.748
-0.272,-0.895,0.289,21.362,46.997,26.245
-0.238,-0.826,0.324,32.166,53.345,23.254
-0.224,-0.758,0.348,41.565,52.246,17.517
-0.223,-0.726,0.388,57.8,57.007,3.54
-0.233,-0.735,0.368,65.369,62.622,-0.366
-0.241,-0.684,0.328,73.303,59.387,-2.747
-0.258,-0.622,0.344,79.529,54.688,-10.01
-0.276,-0.6,0.373,81.909,54.077,-14.221
-0.279,-0.583,0.381,78.003,50.781,-17.029
-0.272,-0.553,0.427,68.787,46.448,-20.691
-0.259,-0.513,0.51,60.425,47.363,-28.015
-0.254,-0.523,0.566,61.401,48.157,-36.926
-0.253,-0.576,0.603,60.791,47.302,-38.452
-0.252,-0.573,0.667,57.129,47.363,-34.546
-0.263,-0.522,0.767,53.955,52.49,-34.058
-0.297,-0.514,0.841,54.504,64.819,-35.645
-0.328,-0.538,0.834,50.842,78.369,-32.471
-0.343,-0.505,0.784,42.969,85.938,-25.818
-0.341,-0.423,0.736,37.72,87.097,-23.437
-0.324,-0.356,0.702,36.255,82.031,-27.161
-0.31,-0.326,0.687,35.339,74.28,-34.79
-0.304,-0.323,0.68,33.264,66.65,-42.114
-0.311,-0.31,0.695,26.062,59.448,-48.95
-0.343,-0.292,0.755,16.907,54.749,-56.885
-0.392,-0.31,0.82,11.536,54.626,-63.049
-0.438,-0.349,0.843,10.254,52.612,-62.561
-0.458,-0.371,0.861,6.104,48.584,-60.181
-0.443,-0.376,0.895,3.113,48.706,-56.58
-0.414,-0.375,0.919,4.395,49.805,-50.232
-0.379,-0.375,0.92,7.874,53.04,-45.654
-0.344,-0.362,0.899,1.831,57.251,-42.786
-0.321,-0.305,0.883,-3.174,57.068,-42.664
-0.308,-0.283,0.911,-3.662,50.903,-48.035
-0.298,-0.286,0.966,-6.592,49.683,-51.025
-0.305,-0.276,0.971,-5.737,53.467,-56.274
-0.34,-0.303,0.917,-5.615,55.725,-57.739
-0.386,-0.337,0.852,-7.69,54.626,-52.063
-0.406,-0.329,0.843,-9.705,47.791,-43.091
-0.38,-0.295,0.901,-14.648,44.861,-36.743
-0.335,-0.243,0.964,-19.409,47.363,-34.058
-0.309,-0.221,1.001,-18.616,49.988,-36.865
-0.303,-0.25,1.004,-19.775,49.683,-37.354
-0.296,-0.253,1.036,-21.606,46.509,-37.781
-0.315,-0.253,1.026,-17.09,47.485,-41.077
-0.351,-0.298,1.024,-32.166,36.011,-42.114
-0.376,-0.348,1.087,-27.954,35.828,-37.842
-0.386,-0.393,1.073,-17.273,34.485,-30.273
-0.379,-0.429,1.068,-9.521,28.564,-21.057
-0.355,-0.434,1.1,-6.897,29.053,-14.832
-0.328,-0.442,1.096,-7.935,31.189,-12.695
-0.311,-0.455,1.071,-11.536,31.067,-10.742
-0.302,-0.464,1.063,-13.672,27.161,-9.827
-0.306,-0.479,1.087,-9.338,23.743,-12.634
-0.318,-0.513,1.105,-9.521,25.085,-14.587
-0.334,-0.551,1.098,-6.958,26.855,-15.015
-0.35,-0.585,1.074,2.197,27.893,-13.184
-0.355,-0.601,1.044,8.362,28.87,-7.874
-0.36,-0.606,1.01,12.329,28.259,-4.822
-0.365,-0.616,0.968,12.329,26.978,-2.808
-0.361,-0.62,0.925,11.169,23.132,-0.854
-0.358,-0.624,0.904,13.55,17.639,1.099
-0.354,-0.631,0.893,17.761,13.672,2.258
-0.343,-0.632,0.883,19.592,10.498,2.869
-0.328,-0.624,0.88,19.287,8.972,1.892
-0.318,-0.628,0.879,17.273,7.996,0.549
-0.313,-0.632,0.879,15.503,8.301,-0.549
-0.312,-0.635,0.867,17.334,8.789,-1.221
-0.303,-0.641,0.861,19.348,7.629,0.427
-0.292,-0.639,0.861,21.667,7.874,1.526
-0.284,-0.643,0.842,19.958,8.362,1.892
-0.27,-0.634,0.814,17.944,9.399,3.418
-0.258,-0.614,0.787,16.846,9.033,3.418
-0.253,-0.616,0.766,14.709,6.897,2.747
-0.251,-0.613,0.757,10.925,4.822,3.113
-0.245,-0.599,0.762,7.141,3.906,2.014
-0.241,-0.598,0.763,4.883,4.272,1.038
-0.249,-0.608,0.749,3.845,2.686,0.916
-0.256,-0.613,0.747,4.7,0.061,2.197
-0.253,-0.609,0.753,6.348,-0.854,3.967
-0.252,-0.607,0.755,8.362,-1.221,5.554
-0.255,-0.604,0.756,9.583,-1.16,8.118
-0.248,-0.592,0.757,10.254,-0.854,10.315
-0.233,-0.597,0.744,8.118,1.343,10.01
-0.22,-0.599,0.72,-1.221,6.042,8.911
-0.229,-0.584,0.713,-7.08,10.132,5.615
-0.245,-0.604,0.704,-10.01,13,3.845
-0.248,-0.629,0.686,-13.489,13.062,6.042
-0.253,-0.626,0.7,-13.123,10.193,8.179
-0.267,-0.64,0.744,-9.521,9.888,8.301
